<?xml version="1.0" encoding="UTF-8"?>
<xml3d>
  <shader compute="(diffuseColor, specularColor, shininess, transparency) = xflow.blenderMaterial(diffuse_color, diffuse_intensity, specular_color, specular_intensity, specular_hardness, alpha)" id="ikea_rack_defuse" script="urn:xml3d:shader:phong">
    <float name="diffuse_intensity">0.800000011920929</float>
    <float3 name="diffuse_color">0.9700000286102295 0.9700000286102295 0.9700000286102295</float3>
    <float name="specular_intensity">1.0</float>
    <float3 name="specular_color">0.0 0.0 0.0</float3>
    <float name="specular_hardness">25</float>
    <float name="alpha">1.0</float>
    <texture name="diffuseTexture" wrapS="repeat" wrapT="repeat">
      <img src=".\textures\ikea_rack_defuse.jpg"/>
    </texture>
  </shader>
</xml3d>
