{
    "animations": [],
    "armatures": [],
    "assets": [
        {
            "name": "assets-0.xml",
            "size": 1078729,
            "url": "D:\\Myfiles\\Study\\Documents\\Master_SaarU\\5thSemester\\HiWi-DFKI\\workspace\\DyVisual\\stl files\\stl files\\assets\\assets-0.xml"
        }
    ],
    "groups": 3,
    "lights": 1,
    "materials": [
        {
            "name": "shared-materials.xml",
            "size": 294
        }
    ],
    "meshes": [],
    "scene": {
        "name": "Gate_Bosch.html",
        "size": 3717
    },
    "textures": [],
    "views": 1,
    "warnings": []
}