{
    "animations": [],
    "armatures": [],
    "assets": [
        {
            "name": "assets-2.xml",
            "size": 15865,
            "url": "C:\\Arbeit\\HySociaTea\\Modelle\\ikea_small\\assets\\assets-2.xml"
        }
    ],
    "groups": 3,
    "lights": 1,
    "materials": [
        {
            "name": "shared-materials.xml",
            "size": 810
        }
    ],
    "meshes": [],
    "scene": {
        "name": "ikea_small.html",
        "size": 3903
    },
    "textures": [
        {
            "name": "ikea_rack_defuse.jpg",
            "size": 546519
        }
    ],
    "views": 1,
    "warnings": []
}