<?xml version="1.0" encoding="UTF-8"?>
<xml3d>
  <shader compute="(diffuseColor, specularColor, shininess, transparency) = xflow.blenderMaterial(diffuse_color, diffuse_intensity, specular_color, specular_intensity, specular_hardness, alpha)" id="Material-2" script="urn:xml3d:shader:phong">
    <float name="diffuse_intensity">0.800000011920929</float>
    <float3 name="diffuse_color">0.23529399931430817 0.5803920030593872 1.0</float3>
    <float name="specular_intensity">1.0</float>
    <float3 name="specular_color">0.3960779905319214 0.40980398654937744 0.4666669964790344</float3>
    <float name="specular_hardness">25</float>
    <float name="alpha">1.0</float>
  </shader>
</xml3d>
