{
    "animations": [],
    "armatures": [],
    "assets": [
        {
            "name": "assets-1.xml",
            "size": 242437045,
            "url": "C:\\Users\\herrmann\\Downloads\\boschrexroth\\assets\\assets-1.xml"
        }
    ],
    "groups": 1,
    "lights": 0,
    "materials": [
        {
            "name": "shared-materials.xml",
            "size": 294
        }
    ],
    "meshes": [],
    "scene": {
        "name": "bosch_rexroth_decimate0.25.html",
        "size": 2880
    },
    "textures": [],
    "views": 0,
    "warnings": [
        {
            "category": "camera",
            "issue": null,
            "message": "Scene 'Scene' has no active camera set.",
            "object": null
        }
    ]
}